,spp,sp_code,CCE_Area
1,Abutilon eremitopetalum,1,150.1317
2,Abutilon incanum,2,1789.398
3,Abutilon menziesii,3,1070.379
4,Abutilon sandwicense,4,131.8086
5,Acacia koa,5,9172.1529
6,Acacia koaia,6,3018.1365
7,Acaena exigua,7,2.4282
8,Achyranthes mutica,8,64.8144
9,Achyranthes splendens,9,1947.9798
10,Adenophorus abietinus,10,609.7392
11,Adenophorus epigaeus,11,91.5408
12,Adenophorus haalilioanus,12,451.7928
13,Adenophorus hymenophylloides,13,3783.2877
14,Adenophorus oahuensis,14,247.482
15,Adenophorus periens,15,1244.7828
16,Adenophorus pinnatifidus,16,4475.7027
17,Adenophorus tamariscinus,17,7031.9826
18,Adenophorus tripinnatifidus,18,3851.1432
19,Adenostemma viscosum,19,4093.6518
20,Adiantum capillus-veneris,20,2791.7766
21,Agrostis avenacea,21,12587.391
22,Agrostis sandwicensis,22,7910.3943
23,Alectryon macrococcus,23,620.4825
24,Alphitonia ponderosa,24,3303.378
25,Alyxia oliviformis,25,12067.1442
26,Thelypteris globulifera,26,5640.4557
27,Anoectochilus sandvicensis,27,2933.9856
28,Antidesma platyphyllum,28,7386.264
29,Antidesma pulvinatum,29,3372.6465
30,Arachniodes insularis,30,2437.6176
31,Argemone glauca,31,9206.6247
32,Argyroxiphium caliginis,32,5.7573
33,Argyroxiphium grayanum,33,87.2757
34,Argyroxiphium kauense,34,558.2493
35,Argyroxiphium sandwicense,35,483.9021
36,Argyroxiphium virescens,36,107.19
37,Artemisia australis,37,4792.9707
38,Artemisia kauaiensis,38,234.4878
39,Artemisia mauiensis,39,353.0124
40,Asplenium acuminatum,40,2282.7285
41,Asplenium adiantum-nigrum,41,9510.9048
42,Asplenium aethiopicum,42,5673.2049
43,Asplenium contiguum,43,5900.7528
44,Asplenium excisum,44,1060.5528
45,Asplenium haleakalense,45,9.0225
46,Asplenium hobdyi,46,232.1802
47,Asplenium horridum,47,4160.0196
48,Asplenium insiticium,48,803.8386
49,Asplenium kaulfussii,49,3819.4875
50,Asplenium lobulatum,50,6573.5505
51,Asplenium macraei,51,3827.4183
52,Asplenium monanthes,52,1688.6277
53,Asplenium nidus,53,5934.9654
54,Asplenium normale,54,2947.3083
55,Asplenium peruvianum,55,3331.6677
56,Asplenium polyodon,56,5152.1823
57,Asplenium schizophyllum,57,1591.893
58,Asplenium sphenotomum,58,943.6068
59,Asplenium trichomanes,59,5346.3807
60,Asplenium unilaterale,60,6798.5424
61,Astelia argyrocoma,61,591.5376
62,Astelia menziesiana,62,6893.9973
63,Astelia waialealae,63,49.5225
64,Athyrium microphyllum,64,4971.0744
65,Bacopa monnieri,65,2595.7647
66,Bidens amplectens,66,162.0279
67,Bidens asymmetrica,67,155.9034
68,Bidens campylotheca,68,3817.3239
69,Bidens cervicata,69,766.0395
70,Bidens conjuncta,70,62.7912
71,Bidens cosmoides,71,251.037
72,Bidens forbesii,72,678.4254
73,Bidens hawaiensis,73,1423.9755
74,Bidens hillebrandiana,74,18.2106
75,Bidens macrocarpa,75,193.5414
76,Bidens mauiensis,76,1136.5614
77,Bidens menziesii,77,2991.6207
78,Bidens micrantha,78,2121.8985
79,Bidens molokaiensis,79,112.8123
80,Bidens populifolia,80,534.8853
81,Bidens sandvicensis,81,1795.9923
82,Bidens torta,82,704.8206
83,Bidens valida,83,283.5036
84,Bidens wiebkei,84,101.1483
85,Bobea brevipes,85,759.4929
86,Bobea elatior,86,4042.4715
87,Bobea sandwicensis,87,2026.224
88,Bobea timonioides,88,1965.9672
89,Boehmeria grandis,89,3026.781
90,Boerhavia acutifolia,90,1262.0925
91,Boerhavia herbstii,91,991.2177
92,Boerhavia repens,92,3385.8504
93,Bolboschoenus maritimus,93,113.4
94,Bonamia menziesii,94,2806.0812
95,Brighamia insignis,95,300.5685
96,Brighamia rockii,96,85.9797
97,Broussaisia arguta,97,7389.0513
98,Caesalpinia bonduc,98,3775.5387
99,Caesalpinia kavaiensis,99,2337.4593
100,Calamagrostis expansa,100,801.9657
101,Calamagrostis hillebrandii,101,19.8126
102,Callistopteris baldwinii,102,3411.5652
103,Canavalia galeata,103,517.4433
104,Canavalia hawaiiensis,104,2720.1906
105,Canavalia kauaiensis,105,515.4741
106,Canavalia molokaiensis,106,115.2387
107,Canavalia napaliensis,107,731.385
108,Canavalia pubescens,108,1740.0771
109,Capparis sandwichiana,109,3714.2451
110,Carex alligata,110,6365.979
111,Carex echinata,111,284.4396
112,Carex kauaiensis,112,59.6043
113,Carex macloviana,113,3793.0608
114,Carex meyenii,114,4357.8459
115,Carex montis-eeka,115,1046.7279
116,Carex thunbergii,116,146.0925
117,Carex wahuensis,117,13034.1933
118,Cassytha filiformis,118,6536.8386
119,Cenchrus agrimonioides,119,1240.7292
120,Centaurium sebaeoides,120,978.0678
121,Chamaesyce arnottiana,121,156.2859
122,Chamaesyce atrococca,122,186.9723
123,Chamaesyce celastroides,123,9979.2378
124,Chamaesyce clusiifolia,124,299.5353
125,Chamaesyce degeneri,125,370.5453
126,Chamaesyce deppeana,126,115.4673
127,Chamaesyce eleanoriae,127,114.957
128,Chamaesyce halemanui,128,183.4875
129,Chamaesyce herbstii,129,28.4481
130,Chamaesyce kuwaleana,130,377.2521
131,Chamaesyce multiformis,131,2514.1707
132,Chamaesyce olowaluana,132,2514.7044
133,Chamaesyce remyi,133,537.7113
134,Chamaesyce rockii,134,54.2826
135,Chamaesyce skottsbergii,135,1250.1639
136,Chamaesyce sparsiflora,136,56.2779
137,Charpentiera densiflora,137,267.6393
138,Charpentiera elliptica,138,578.6136
139,Charpentiera obovata,139,7077.0717
140,Charpentiera ovata,140,6306.0912
141,Charpentiera tomentosa,141,2467.9287
142,Cheirodendron dominii,142,54.5643
143,Cheirodendron fauriei,143,260.1684
144,Cheirodendron forbesii,144,79.0965
145,Cheirodendron platyphyllum,145,187.5168
146,Cheirodendron trigynum,146,6882.1596
147,Chenopodium oahuense,147,10761.4161
148,Cyclosorus boydiae,148,690.9912
149,Cyclosorus cyatheoides,149,8393.1012
150,Cyclosorus wailele,150,186.4197
151,Chrysopogon aciculatus,151,4147.0011
152,Cibotium chamissoi,152,5634.0144
153,Cibotium glaucum,153,8473.4289
154,Cibotium menziesii,154,4511.1582
155,Cibotium nealiae,155,582.3144
156,Cladium jamaicense,156,2831.6745
157,Claoxylon sandwicense,157,1630.8981
158,Clermontia arborescens,158,523.0431
159,Clermontia calophylla,159,264.3192
160,Clermontia clermontioides,160,1381.2336
161,Clermontia drepanomorpha,161,96.5592
162,Clermontia fauriei,162,473.49
163,Clermontia grandiflora,163,404.3862
164,Clermontia hawaiiensis,164,3136.329
165,Clermontia kakeana,165,1773.3006
166,Clermontia kohalae,166,882.2475
167,Clermontia lindseyana,167,1644.6717
168,Clermontia micrantha,168,88.9344
169,Clermontia montis-loa,169,1850.9607
170,Clermontia oblongifolia,170,727.6131
171,Clermontia pallida,171,34.5222
172,Clermontia parviflora,172,2259.9558
173,Clermontia peleana,173,1196.388
174,Clermontia persicifolia,174,296.1495
175,Clermontia pyrularia,175,264.1608
176,Clermontia samuelii,176,215.0757
177,Clermontia tuberculata,177,85.0374
178,Clermontia waimeae,178,69.1812
179,Cocculus orbiculatus,179,12993.7329
180,Colubrina asiatica,180,141.0552
181,Colubrina oppositifolia,181,1685.7108
182,Coniogramme pilosa,182,4909.3479
183,Coprosma cymosa,183,1020.3714
184,Coprosma elliptica,184,59.8455
185,Coprosma ernodeoides,185,6872.1525
186,Coprosma foliosa,186,1919.9538
187,Coprosma granadensis,187,1981.9683
188,Coprosma kauensis,188,297.6255
189,Coprosma longifolia,189,241.4718
190,Coprosma menziesii,190,5385.7179
191,Coprosma montana,191,3587.0913
192,Coprosma ochracea,192,4527.9756
193,Coprosma pubens,193,4987.2312
194,Coprosma rhynchocarpa,194,5661.54
195,Coprosma ternata,195,109.0071
196,Coprosma waimeae,196,180.3285
197,Cressa truxillensis,197,12.6873
198,Cryptocarya mannii,198,823.0257
199,Ctenitis latifrons,199,1884.7989
200,Ctenitis squamigera,200,915.0102
201,Cuscuta sandwichiana,201,2439.0171
202,Cyanea aculeatiflora,202,143.4762
203,Cyanea acuminata,203,300.7197
204,Cyanea angustifolia,204,933.8814
205,Cyanea arborea,205,20.9664
206,Cyanea asarifolia,206,176.382
207,Cyanea asplenifolia,207,118.4463
208,Cyanea calycina,208,320.6286
209,Cyanea comata,209,51.8976
210,Cyanea copelandii,210,408.78
211,Cyanea coriacea,211,266.2785
212,Cyanea crispa,212,317.7315
213,Cyanea dunbariae,213,39.1833
214,Cyanea elliptica,214,371.169
215,Cyanea fauriei,215,104.5116
216,Cyanea fissa,216,692.0046
217,Cyanea floribunda,217,2105.8083
218,Cyanea gibsonii,218,4.4163
219,Cyanea giffardii,219,39.5181
220,Cyanea glabra,220,176.3001
221,Cyanea grimesiana,221,341.8434
222,Cyanea habenata,222,6.8679
223,Cyanea hamatiflora,223,636.9435
224,Cyanea hardyi,224,209.0682
225,Cyanea hirtella,225,515.3931
226,Cyanea horrida,226,276.7374
227,Cyanea humboldtiana,227,207.7506
228,Cyanea kahiliensis,228,109.1349
229,Cyanea kolekoleensis,229,23.5026
230,Cyanea koolauensis,230,94.131
231,Cyanea kunthiana,231,136.7172
232,Cyanea lanceolata,232,198.9999
233,Cyanea leptostegia,233,62.6004
234,Cyanea lobata,234,109.8495
235,Cyanea longiflora,235,213.1938
236,Cyanea longissima,236,173.6928
237,Cyanea macrostegia,237,237.6486
238,Cyanea mannii,238,34.2846
239,Cyanea marksii,239,259.6464
240,Cyanea mceldowneyi,240,75.2409
241,Cyanea membranacea,241,71.5329
242,Cyanea munroi,242,5.7096
243,Cyanea obtusa,243,200.2095
244,Cyanea pilosa,244,1327.5567
245,Cyanea pinnatifida,245,6.9408
246,Cyanea platyphylla,246,1501.4196
247,Cyanea procera,247,70.6077
248,Cyanea purpurellifolia,248,98.7687
249,Cyanea quercifolia,249,51.8976
250,Cyanea recta,250,251.8353
251,Cyanea remyi,251,183.762
252,Cyanea scabra,253,86.7141
253,Cyanea sessilifolia,254,138.249
254,Cyanea shipmanii,255,167.7672
255,Cyanea solanacea,256,46.3059
256,Cyanea solenocalyx,257,109.3257
257,Cyanea spathulata,258,199.7235
258,Cyanea st.-johnii,259,18.729
259,Cyanea stictophylla,260,1129.1787
260,Cyanea superba,261,24.0615
261,Cyanea sylvestris,262,547.7517
262,Cyanea tritomantha,263,1486.2114
263,Cyanea truncata,264,254.8791
264,Cyanea undulata,265,1.4202
265,Cyclosorus interruptus,266,4596.9696
266,Cyperus cyperinus,267,593.6463
267,Cyperus fauriei,268,1981.8459
268,Cyperus hillebrandii,269,6907.194
269,Cyperus hypochlorus,270,3537.9792
270,Cyperus javanicus,271,3261.5919
271,Cyperus laevigatus,272,152.8173
272,Cyperus odoratus,273,903.105
273,Cyperus pennatiformis,274,1239.6465
274,Cyperus phleoides,275,5674.977
275,Cyperus polystachyos,276,8266.311
276,Cyperus sandwicensis,277,2727.0855
277,Cyperus trachysanthos,278,893.3895
278,Cyrtandra biserrata,279,493.191
279,Cyrtandra calpidicarpa,280,522.0846
280,Cyrtandra confertiflora,281,866.4876
281,Cyrtandra cordifolia,282,244.1475
282,Cyrtandra crenata,283,134.7696
283,Cyrtandra cyaneoides,284,121.8825
284,Cyrtandra dentata,285,245.0754
285,Cyrtandra ferripilosa,286,17.7813
286,Cyrtandra filipes,287,181.2384
287,Cyrtandra garnotiana,288,264.6684
288,Cyrtandra giffardii,289,939.8097
289,Cyrtandra grandiflora,290,208.0818
290,Cyrtandra grayana,291,180.3474
291,Cyrtandra grayi,292,486.1305
292,Cyrtandra halawensis,293,141.5934
293,Cyrtandra hashimotoi,294,397.5696
294,Cyrtandra hawaiensis,295,5977.9251
295,Cyrtandra heinrichii,296,40.1679
296,Cyrtandra hematos,297,9.0288
297,Cyrtandra kalihii,298,338.1831
298,Cyrtandra kamooloaensis,299,314.8794
299,Cyrtandra kauaiensis,300,268.7976
300,Cyrtandra kaulantha,301,66.4659
301,Cyrtandra kealiae,302,486.5913
302,Cyrtandra kohalae,303,200.3832
303,Cyrtandra laxiflora,304,366.4944
304,Cyrtandra lessoniana,305,297.342
305,Cyrtandra longifolia,306,615.6279
306,Cyrtandra lydgatei,307,182.304
307,Cyrtandra lysiosepala,308,3376.9701
308,Cyrtandra macraei,309,189.5139
309,Cyrtandra macrocalyx,310,106.8201
310,Cyrtandra menziesii,311,1349.2431
311,Cyrtandra munroi,312,102.555
312,Cyrtandra nanawalensis,313,434.5407
313,Cyrtandra oenobarba,314,99.8973
314,Cyrtandra oxybapha,315,4.0149
315,Cyrtandra paliku,316,2.6802
316,Cyrtandra paludosa,317,4236.0714
317,Cyrtandra pickeringii,318,383.0139
318,Cyrtandra platyphylla,319,4877.2719
319,Cyrtandra polyantha,320,41.6925
320,Cyrtandra procera,321,32.7618
321,Cyrtandra propinqua,322,290.1456
322,Cyrtandra rivularis,323,274.1094
323,Cyrtandra sandwicensis,324,65.4588
324,Cyrtandra sessilis,325,36.8829
325,Cyrtandra spathulata,326,580.0878
326,Cyrtandra subumbellata,327,109.2825
327,Cyrtandra tintinnabula,328,1097.2872
328,Cyrtandra viridiflora,329,41.346
329,Cyrtandra waianaeensis,330,36.2898
330,Cyrtandra wainihaensis,331,288.3312
331,Cyrtandra waiolani,332,37.7901
332,Cyrtandra wawrae,333,639.5085
333,Cyrtomium caryotideum,334,2640.3462
334,Cystopteris douglasii,335,2862.3465
335,Cystopteris sandwicensis,336,418.4244
336,Delissea niihauensis,337,86.2569
337,Delissea rhytidosperma,338,551.8386
338,Delissea subcordata,339,554.1255
339,Delissea undulata,340,268.1973
340,Deparia fenzliana,341,607.3965
341,Deparia marginalis,342,2249.1171
342,Deparia prolifera,343,2418.408
343,Deschampsia nubigena,344,10278.117
344,Dianella sandwicensis,345,8432.9955
345,Dichanthelium cynodon,346,412.7706
346,Dichanthelium hillebrandianum,347,1368.2844
347,Dichanthelium isachnoides,348,90.8226
348,Dichanthelium koolauense,349,107.3637
349,Dicranopteris linearis,350,8824.9122
350,Diellia erecta,351,1744.2252
351,Diellia falcata,352,559.7037
352,Diellia mannii,353,31.14
353,Diellia pallida,354,49.3074
354,Diellia unisora,355,18.2754
355,Digitaria setigera,356,6928.5402
356,Diospyros hillebrandii,357,718.0821
357,Diospyros sandwicensis,358,7712.3826
358,Diplazium arnottii,359,650.5542
359,Diplazium molokaiense,360,506.8449
360,Diplazium sandwichianum,361,8196.4863
361,Diplopterygium pinnatum,362,3154.1859
362,Dissochondrus biflorus,363,514.1988
363,Dodonaea viscosa,364,15565.3038
364,Doodia kunthiana,365,2362.6539
365,Doodia lyonii,366,1009.3923
366,Doryopteris angelica,367,105.7113
367,Doryopteris decipiens,368,5157.081
368,Doryopteris decora,369,6811.3224
369,Doryopteris takeuchii,370,1.4121
370,Drosera anglica,371,393.9642
371,Dryopteris crinalis,372,1196.1819
372,Dryopteris fusco-atra,373,5009.6547
373,Dryopteris glabra,374,4305.8817
374,Dryopteris hawaiiensis,375,3211.3953
375,Dryopteris mauiensis,376,631.17
376,Dryopteris sandwicensis,377,5964.3243
377,Dryopteris subbipinnata,378,25.4736
378,Dryopteris tetrapinnata,379,45.8964
379,Dryopteris unidentata,380,3984.0345
380,Dryopteris wallichiana,381,6216.3675
381,Dubautia arborea,382,336.2031
382,Dubautia ciliolata,383,4864.8627
383,Dubautia herbstobatae,384,43.488
384,Dubautia imbricata,385,132.2901
385,Dubautia knudsenii,386,380.0223
386,Dubautia laevigata,387,130.7061
387,Dubautia latifolia,388,76.4298
388,Dubautia laxa,389,940.1571
389,Dubautia linearis,390,5985.3942
390,Dubautia menziesii,391,185.6988
391,Dubautia microcephala,392,244.107
392,Dubautia paleata,393,54.5643
393,Dubautia pauciflorula,394,21.3201
394,Dubautia plantaginea,395,4174.8228
395,Dubautia platyphylla,396,135.8082
396,Dubautia raillardioides,397,183.4569
397,Dubautia reticulata,398,110.6352
398,Dubautia scabra,399,8403.7185
399,Dubautia sherffiana,400,31.3452
400,Dubautia syndetica,401,37.1691
401,Dubautia waialealae,402,37.2681
402,Dubautia waianapanapaensis,403,119.8152
403,Elaeocarpus bifidus,404,982.2564
404,Elaphoglossum aemulum,405,1943.7831
405,Elaphoglossum alatum,406,2448.2349
406,Elaphoglossum crassicaule,407,523.2618
407,Elaphoglossum crassifolium,408,6540.1551
408,Elaphoglossum fauriei,409,137.538
409,Elaphoglossum paleaceum,410,5393.2626
410,Elaphoglossum parvisquameum,411,3479.1534
411,Elaphoglossum pellucidum,412,3740.2632
412,Elaphoglossum wawrae,413,3949.1208
413,Eleocharis calva,414,347.5971
414,Eleocharis obtusa,415,5900.4117
415,Embelia pacifica,416,7265.4372
416,Entada phaseoloides,417,46.3464
417,Eragrostis atropioides,418,5539.3749
418,Eragrostis deflexa,419,1697.6673
419,Eragrostis fosbergii,420,82.8684
420,Eragrostis grandis,421,9715.9824
421,Eragrostis leptophylla,422,4682.9826
422,Eragrostis monticola,423,551.2716
423,Eragrostis paupera,424,24.2604
424,Eragrostis variabilis,425,7674.3864
425,Erythrina sandwicensis,426,6200.658
426,Eugenia koolauensis,427,509.5125
427,Eugenia reinwardtiana,428,1620.2052
428,Euphorbia haeleeleana,429,364.4631
429,Eurya sandwicensis,430,3494.0259
430,Exocarpos gaudichaudii,431,6670.0755
431,Exocarpos luteolus,432,355.4982
432,Exocarpos menziesii,433,2438.1999
433,Festuca hawaiiensis,434,727.8336
434,Fimbristylis cymosa,435,5876.4951
435,Fimbristylis dichotoma,436,10495.4175
436,Fimbristylis hawaiiensis,437,1334.8908
437,Flueggea neowawraea,438,1573.5537
438,Fragaria chiloensis,439,1381.7403
439,Freycinetia arborea,440,7826.157
440,Gahnia aspera,441,320.2038
441,Gahnia beecheyi,442,2145.4155
442,Gahnia lanaiensis,443,1.0332
443,Gahnia vitiensis,444,191.4147
444,Gardenia brighamii,445,754.9335
445,Gardenia mannii,446,373.2435
446,Gardenia remyi,447,2801.3292
447,Geranium arboreum,448,113.5269
448,Geranium cuneatum,449,3410.199
449,Geranium hanaense,450,1.6317
450,Geranium hillebrandii,451,23.0121
451,Geranium kauaiense,452,22.3587
452,Geranium multiflorum,453,193.2606
453,Gonocormus minutus,454,4377.2247
454,Gossypium tomentosum,455,914.0391
455,Gouania hillebrandii,456,929.502
456,Gouania meyenii,457,109.3905
457,Gouania vitifolia,458,340.3458
458,Grammitis baldwinii,459,63.6651
459,Grammitis forbesiana,460,638.2098
460,Grammitis hookeri,461,4113.621
461,Grammitis tenella,462,4478.0895
462,Gunnera kauaiensis,463,56.4867
463,Gunnera petaloidea,464,464.5836
464,Haplopteris elongata,465,5201.9964
465,Haplostachys haplostachya,466,1929.168
466,Haplostachys linearifolia,467,678.6666
467,Kadua acuminata,468,4127.4756
468,Kadua centranthoides,469,6296.2389
469,Kadua cookiana,470,164.6766
470,Kadua coriacea,471,340.1244
471,Kadua degeneri,472,31.3263
472,Kadua elatior,473,1366.4817
473,Kadua fluviatilis,474,805.1562
474,Kadua flynnii,475,163.4886
475,Kadua foggiana,476,260.1684
476,Kadua formosa,477,163.0737
477,Kadua fosbergii,478,43.5591
478,Kadua axillaris,479,5263.659
479,Kadua knudsenii,480,160.3107
480,Kadua littoralis,481,19.8837
481,Kadua laxiflora,482,220.9644
482,Kadua parvula,483,27.3294
483,Kadua cordata,484,1629.5643
484,Kadua st.-johnii,485,50.8014
485,Kadua affinis,486,7667.5725
486,Kadua tryblium,487,220.3569
487,Heliotropium anomalum,488,381.9933
488,Heliotropium curassavicum,489,562.6845
489,Hesperocnide sandwicensis,490,1480.6863
490,Hesperomannia arborescens,491,586.6299
491,Hesperomannia arbuscula,492,214.4313
492,Hesperomannia lydgatei,493,174.9348
493,Heteropogon contortus,494,6666.8301
494,Hibiscadelphus distans,495,108.1791
495,Hibiscadelphus hualalaiensis,496,12.5865
496,Hibiscadelphus woodii,497,3.0681
497,Hibiscus arnottianus,498,821.0538
498,Hibiscus brackenridgei,499,1735.7796
499,Hibiscus clayi,500,176.1912
500,Hibiscus furcellatus,501,1372.3416
501,Hibiscus kokio,502,2834.5869
502,Hibiscus waimeae,503,492.1407
503,Hillebrandia sandwicensis,504,772.0011
504,Huperzia erosa,505,1195.8867
505,Huperzia erubescens,506,916.4862
506,Huperzia filiformis,507,4023.1683
507,Huperzia haleakalae,508,55.5615
508,Huperzia mannii,509,388.3185
509,Huperzia nutans,510,152.0226
510,Huperzia phyllantha,511,4291.7265
511,Huperzia serrata,512,2102.8887
512,Huperzia stemmermanniae,513,129.7962
513,Huperzia subintegra,514,598.8447
514,Hypolepis hawaiiensis,515,2014.8804
515,Ilex anomala,516,8507.5272
516,Ipomoea imperati,517,206.9667
517,Ipomoea indica,518,8232.4314
518,Ipomoea littoralis,519,129.8961
519,Ipomoea pes-caprae,520,750.744
520,Ipomoea tuboides,521,4855.554
521,Isachne distichophylla,522,4736.8854
522,Isachne pallens,523,472.7709
523,Ischaemum byrone,524,123.9309
524,Isodendrion hosakae,525,74.6649
525,Isodendrion laurifolium,526,136.2114
526,Isodendrion longifolium,527,651.1788
527,Isodendrion pyrifolium,528,295.4619
528,Isoetes hawaiiensis,529,190.6335
529,Jacquemontia ovalifolia,530,2867.643
530,Joinvillea ascendens,531,3292.4133
531,Kanaloa kahoolawensis,532,3.2166
532,Keysseria erici,533,46.6173
533,Keysseria helenae,534,32.1201
534,Keysseria maviensis,535,246.1797
535,Kokia drynarioides,536,111.9978
536,Kokia kauaiensis,537,89.3709
537,Korthalsella complanata,538,8644.1328
538,Korthalsella cylindrica,539,6083.1126
539,Korthalsella degeneri,540,17.055
540,Korthalsella latissima,541,804.7827
541,Korthalsella platycaula,542,932.5674
542,Korthalsella remyana,543,3328.2036
543,Labordia cyrtandrae,544,296.6283
544,Labordia degeneri,545,93.0735
545,Labordia fagraeoidea,546,77.4666
546,Labordia hedyosmifolia,547,3685.4235
547,Labordia helleri,548,570.4929
548,Labordia hirtella,549,3918.5244
549,Labordia hosakana,550,6.7203
550,Labordia kaalae,551,69.5718
551,Labordia lydgatei,552,74.5596
552,Labordia pumila,553,46.3734
553,Labordia sessilis,554,38.7792
554,Labordia tinifolia,555,3109.0509
555,Labordia triflora,556,4.284
556,Labordia venosa,557,128.5317
557,Labordia waialealae,558,183.9294
558,Labordia waiolani,559,383.4207
559,Lellingeria saffordii,560,2232.279
560,Lepechinia hastata,561,214.4259
561,Lepidium arbuscula,562,176.4639
562,Lepidium bidentatum,563,1710.4869
563,Lepidium serra,564,512.2188
564,Lepisorus thunbergianus,565,10001.1987
565,Leptecophylla tameiameiae,566,13231.2132
566,Lindsaea repens,567,1203.5124
567,Liparis hawaiensis,568,6109.812
568,Lipochaeta connata,569,1718.2575
569,Lipochaeta degeneri,570,22.5162
570,Lipochaeta heterophylla,571,1787.1138
571,Lipochaeta lobata,572,1604.3517
572,Lipochaeta rockii,573,1133.0559
573,Lipochaeta succulenta,574,88.5114
574,Lobelia dunbarii,575,34.7589
575,Lobelia gaudichaudii,576,22.4019
576,Lobelia gloria-montis,577,95.7042
577,Lobelia grayana,578,195.9138
578,Lobelia hillebrandii,579,706.8321
579,Lobelia hypoleuca,580,1256.4495
580,Lobelia kauaensis,581,116.4357
581,Lobelia niihauensis,582,687.2265
582,Lobelia oahuensis,583,22.1013
583,Lobelia villosa,584,49.5387
584,Lobelia yuccoides,585,216.5355
585,Luzula hawaiiensis,586,7415.7903
586,Lycium sandwicense,587,452.2023
587,Lycopodiella cernua,588,5968.7649
588,Lycopodium venustulum,589,2031.5988
589,Lysimachia daphnoides,590,191.3499
590,Lysimachia filifolia,591,395.0019
591,Lysimachia forbesii,592,15.3603
592,Lysimachia glutinosa,593,64.6911
593,Lysimachia hillebrandii,594,1593.6228
594,Lysimachia kalalauensis,595,151.4331
595,Lysimachia lydgatei,596,32.0409
596,Lysimachia mauritiana,597,177.8283
597,Lysimachia maxima,598,29.3094
598,Lysimachia remyi,599,870.1263
599,Lysimachia scopulensis,600,5.6574
600,Lysimachia venosa,601,32.2641
601,Machaerina angustifolia,602,8841.1914
602,Machaerina mariscoides,603,6336.8136
603,Marattia douglasii,604,6431.6961
604,Marsilea villosa,605,378.6552
605,Hymenophyllum recurvum,606,4547.3841
606,Melanthera fauriei,607,88.9974
607,Melanthera integrifolia,608,1241.5203
608,Melanthera kamolensis,609,89.5005
609,Melanthera lavarum,610,3496.3686
610,Melanthera micrantha,611,100.5858
611,Melanthera remyi,612,127.4904
612,Melanthera subcordata,613,4192.0866
613,Melanthera tenuifolia,614,228.1797
614,Melanthera tenuis,615,82.845
615,Melanthera venosa,616,389.007
616,Melanthera waimeaensis,617,2.5758
617,Melicope adscendens,618,64.3338
618,Melicope anisata,619,363.2427
619,Melicope balloui,620,142.3386
620,Melicope barbigera,621,146.2212
621,Melicope christophersenii,622,38.1654
622,Melicope cinerea,623,237.8052
623,Melicope clusiifolia,624,6806.5812
624,Melicope cruciata,625,52.1046
625,Melicope degeneri,626,77.7069
626,Melicope elliptica,627,629.9127
627,Melicope feddei,628,298.2969
628,Melicope haleakalae,629,70.6086
629,Melicope haupuensis,630,151.884
630,Melicope hawaiensis,631,2504.3238
631,Melicope hiiakae,632,139.8915
632,Melicope hosakae,633,116.1603
633,Melicope kaalaensis,634,30.8844
634,Melicope kavaiensis,635,81.3465
635,Melicope knudsenii,636,448.2774
636,Melicope lydgatei,637,130.5783
637,Melicope macropus,638,96.4539
638,Melicope makahae,639,25.6896
639,Melicope molokaiensis,640,505.2708
640,Melicope mucronulata,641,177.804
641,Melicope munroi,642,12.3759
642,Melicope nealae,643,2.1798
643,Melicope oahuensis,644,240.4116
644,Melicope orbicularis,645,583.8849
645,Melicope ovalis,646,87.0588
646,Melicope ovata,647,376.2756
647,Melicope pallida,648,249.2127
648,Melicope paniculata,649,57.9906
649,Melicope peduncularis,650,1553.562
650,Melicope pseudoanisata,651,2077.7571
651,Melicope puberula,652,121.5459
652,Melicope quadrangularis,653,55.7532
653,Melicope radiata,654,4187.8746
654,Melicope reflexa,655,44.6526
655,Melicope rotundifolia,656,197.2953
656,Melicope saint-johnii,657,153.0945
657,Melicope sandwicensis,658,79.9236
658,Melicope sessilis,659,264.528
659,Melicope volcanica,660,4373.9271
660,Melicope waialealae,661,119.1951
661,Melicope wawraeana,662,505.2789
662,Metrosideros macropus,663,319.3227
663,Metrosideros polymorpha,664,14002.3332
664,Metrosideros rugosa,665,43.8183
665,Metrosideros tremuloides,666,385.3215
666,Metrosideros waialealae,667,461.6712
667,Microlepia speluncae,668,1279.0926
668,Microlepia strigosa,669,10493.5176
669,Microsorum spectrum,670,3193.9641
670,Morelotia gahniiformis,671,7993.5102
671,Morinda trimera,672,1202.1489
672,Mucuna gigantea,673,2220.1542
673,Mucuna sloanei,674,717.9102
674,Munroidendron racemosum,675,370.0611
675,Myoporum sandwicense,676,15931.6938
676,Myrsine alyxifolia,677,61.3071
677,Myrsine degeneri,678,15.318
678,Myrsine denticulata,679,90.1206
679,Myrsine emarginata,680,425.0025
680,Myrsine fernseei,681,210.3147
681,Myrsine fosbergii,682,939.0942
682,Myrsine helleri,683,115.5681
683,Myrsine juddii,684,26.2602
684,Myrsine kauaiensis,685,67.4199
685,Myrsine knudsenii,686,27.9369
686,Myrsine lanaiensis,687,6088.1067
687,Myrsine lessertiana,688,9049.8465
688,Myrsine linearifolia,689,285.4494
689,Myrsine mezii,690,11.484
690,Myrsine petiolata,691,409.743
691,Myrsine pukooensis,692,389.1627
692,Myrsine punctata,693,271.1871
693,Myrsine sandwicensis,694,5779.4652
694,Myrsine vaccinioides,695,13.9734
695,Myrsine wawraea,696,116.9442
696,Nama sandwicensis,697,1237.5216
697,Nephrolepis cordifolia,698,5384.2779
698,Nephrolepis exaltata,699,7494.3432
699,Neraudia angulata,700,182.5974
700,Neraudia kauaiensis,701,147.5226
701,Neraudia melastomifolia,702,1346.9427
702,Neraudia ovata,703,1377.8784
703,Neraudia sericea,704,438.2343
704,Nesoluma polynesicum,705,2759.9976
705,Nestegis sandwicensis,706,6541.3206
706,Nothocestrum breviflorum,707,2717.7849
707,Nothocestrum latifolium,708,3225.771
708,Nothocestrum longifolium,709,7171.0434
709,Nothocestrum peltatum,710,70.0992
710,Nothoperanema rubiginosa,711,2147.1732
711,Nototrichium divaricatum,712,59.6295
712,Nototrichium humile,713,663.7158
713,Nototrichium sandwicense,714,6560.5005
714,Ochrosia compta,715,495.5535
715,Ochrosia haleakalae,716,830.7378
716,Ochrosia kauaiensis,717,86.8338
717,Ochrosia kilaueaensis,718,149.4765
718,Ophioderma pendulum,719,4719.6342
719,Ophioglossum petiolatum,720,2598.3477
720,Ophioglossum polyphyllum,721,1703.3463
721,Oreobolus furcatus,722,3150.6039
722,Osteomeles anthyllidifolia,723,9524.943
723,Pandanus tectorius,724,5937.7923
724,Panicum beecheyi,725,503.8983
725,Panicum fauriei,726,3350.0844
726,Panicum konaense,727,4365.954
727,Panicum lineale,728,518.4279
728,Panicum longivaginatum,729,27.8217
729,Panicum nephelophilum,730,1286.1459
730,Panicum niihauense,731,232.2198
731,Panicum pellitum,732,6855.273
732,Panicum ramosius,733,298.4553
733,Panicum tenuifolium,734,6571.4292
734,Panicum torridum,735,3253.8393
735,Panicum xerophilum,736,4297.599
736,Paspalum scrobiculatum,737,5342.4828
737,Pellaea ternifolia,738,7167.5559
738,Peperomia alternifolia,739,127.0926
739,Peperomia blanda,740,12407.1642
740,Peperomia cookiana,741,7001.8569
741,Peperomia eekana,742,710.2818
742,Peperomia ellipticibacca,743,22.4082
743,Peperomia expallescens,744,199.8099
744,Peperomia globulanthera,745,163.9665
745,Peperomia hesperomannii,746,217.4634
746,Peperomia hirtipetiola,747,514.1628
747,Peperomia hypoleuca,748,3598.5906
748,Peperomia kipahuluensis,749,203.958
749,Peperomia kokeana,750,220.0815
750,Peperomia latifolia,751,5595.7896
751,Peperomia ligustrina,752,1645.6626
752,Peperomia macraeana,753,7824.3291
753,Peperomia mauiensis,754,280.0539
754,Peperomia membranacea,755,6148.3689
755,Peperomia oahuensis,756,807.8319
756,Peperomia obovatilimba,757,878.7537
757,Peperomia remyi,758,8602.6086
758,Peperomia rockii,759,60.3657
759,Peperomia sandwicensis,760,1120.4019
760,Peperomia subpetiolata,761,1.9197
761,Peperomia tetraphylla,762,12382.0542
762,Perrottetia sandwicensis,763,7027.9407
763,Peucedanum sandwicense,764,1240.74
764,Phyllanthus distichus,765,2048.085
765,Phyllostegia ambigua,766,2858.8617
766,Phyllostegia bracteata,767,248.8446
767,Phyllostegia brevidens,768,1967.5656
768,Phyllostegia electra,769,294.8985
769,Phyllostegia floribunda,770,1650.1761
770,Phyllostegia glabra,771,899.9136
771,Phyllostegia grandiflora,772,297.342
772,Phyllostegia haliakalae,773,473.0481
773,Phyllostegia helleri,774,298.3977
774,Phyllostegia hirsuta,775,296.127
775,Phyllostegia hispida,776,58.5495
776,Phyllostegia kaalaensis,777,49.2777
777,Phyllostegia kahiliensis,778,0.6813
778,Phyllostegia knudsenii,779,3.0771
779,Phyllostegia lantanoides,780,68.3874
780,Phyllostegia macrophylla,781,2657.5569
781,Phyllostegia mannii,782,125.6094
782,Phyllostegia mollis,783,36.2412
783,Phyllostegia parviflora,784,1790.4123
784,Phyllostegia racemosa,785,798.7104
785,Phyllostegia renovans,786,82.4607
786,Phyllostegia rockii,787,4.4577
787,Phyllostegia stachyoides,788,502.7301
788,Phyllostegia velutina,789,867.9915
789,Phyllostegia vestita,790,1655.6958
790,Phyllostegia waimeae,791,57.5028
791,Phyllostegia warshaueri,792,240.0138
792,Phyllostegia wawrana,793,144.9423
793,Phytolacca sandwicensis,794,5968.3986
794,Pilea peploides,795,5012.271
795,Pipturus albidus,796,8585.6373
796,Pipturus forbesii,797,43.9254
797,Pipturus kauaiensis,798,971.865
798,Pipturus ruber,799,519.2748
799,Pisonia brunoniana,800,4930.4151
800,Pisonia sandwicensis,801,4581.7146
801,Pisonia umbellifera,802,5532.2154
802,Pisonia wagneriana,803,695.1996
803,Pittosporum argentifolium,804,904.1436
804,Pittosporum confertiflorum,805,6336.3447
805,Pittosporum flocculosum,806,275.5215
806,Pittosporum gayanum,807,237.8664
807,Pittosporum glabrum,808,2411.0748
808,Pittosporum halophilum,809,0.4158
809,Pittosporum hawaiiense,810,1538.8731
810,Pittosporum hosmeri,811,1775.8143
811,Pittosporum kauaiense,812,272.556
812,Pittosporum napaliense,813,162.4599
813,Pittosporum terminalioides,814,5521.05
814,Plantago hawaiensis,815,415.5084
815,Plantago pachyphylla,816,1111.5774
816,Plantago princeps,817,2414.0025
817,Platanthera holochila,818,601.3953
818,Platydesma cornuta,819,349.6203
819,Platydesma remyi,820,188.9775
820,Platydesma rostrata,821,226.7001
821,Platydesma spathulata,822,3664.7001
822,Plectranthus parviflorus,823,7762.1697
823,Pleomele aurea,824,433.1052
824,Pleomele auwahiensis,825,858.6162
825,Pleomele fernaldii,826,38.9223
826,Pleomele forbesii,827,368.1108
827,Pleomele halapepe,828,843.8031
828,Pleomele hawaiiensis,829,2545.8363
829,Plumbago zeylanica,830,4843.0269
830,Pneumatopteris hudsoniana,831,4514.8986
831,Pneumatopteris sandwicensis,832,5020.3791
832,Poa mannii,833,176.0409
833,Poa sandvicensis,834,62.9739
834,Poa siphonoglossa,835,71.1999
835,Polypodium pellucidum,836,9730.9485
836,Polystichum bonseyi,837,415.9476
837,Polystichum haleakalense,838,283.2039
838,Polystichum hillebrandii,839,1432.485
839,Portulaca lutea,840,352.62
840,Portulaca molokiniensis,841,363.9393
841,Portulaca sclerocarpa,842,3232.3212
842,Portulaca villosa,843,3272.6097
843,Potamogeton foliosus,844,1716.1128
844,Pouteria sandwicensis,845,6001.8165
845,Pritchardia affinis,846,836.8371
846,Pritchardia arecina,847,130.3317
847,Pritchardia aylmer-robinsonii,848,40.4244
848,Pritchardia beccariana,849,939.5523
849,Pritchardia forbesiana,850,90.4221
850,Pritchardia glabrata,851,24.2127
851,Pritchardia hardyi,852,126.981
852,Pritchardia hillebrandii,853,8.0883
853,Pritchardia kaalae,854,68.1093
854,Pritchardia lanaiensis,855,4.833
855,Pritchardia lanigera,856,749.0331
856,Pritchardia lowreyana,857,159.9399
857,Pritchardia martii,858,245.367
858,Pritchardia minor,859,203.9319
859,Pritchardia munroi,860,17.3439
860,Pritchardia napaliensis,861,158.8329
861,Pritchardia perlmanii,862,106.5141
862,Pritchardia schattaueri,863,23.9895
863,Pritchardia viscosa,864,29.0763
864,Pritchardia waialealeana,865,126.4896
865,Pseudognaphalium sandwicensium,866,15544.6632
866,Pseudophegopteris keraudreniana,867,6748.9434
867,Psilotum complanatum,868,6027.057
868,Psilotum nudum,869,10355.3559
869,Psychotria fauriei,870,116.0865
870,Psychotria grandiflora,871,46.8909
871,Psychotria greenwelliae,872,459.3825
872,Psychotria hathewayi,873,85.5675
873,Psychotria hawaiiensis,874,6240.8367
874,Psychotria hexandra,875,545.1147
875,Psychotria hobdyi,876,75.9825
876,Psychotria kaduana,877,2876.6592
877,Psychotria mariniana,878,2661.561
878,Psychotria mauiensis,879,5810.8518
879,Psychotria wawrae,880,444.8079
880,Psydrax odorata,881,5682.5595
881,Pteralyxia kauaiensis,882,362.4408
882,Pteralyxia macrocarpa,883,562.2462
883,Pteridium aquilinum,884,7164.4221
884,Pteris cretica,885,9214.866
885,Pteris excelsa,886,6174.5265
886,Pteris hillebrandii,887,869.5368
887,Pteris irregularis,888,5136.2586
888,Pteris lidgatei,889,194.7546
889,Ranunculus hawaiensis,890,2135.1879
890,Ranunculus mauiensis,891,898.0308
891,Rauvolfia sandwicensis,892,4690.8666
892,Remya kauaiensis,893,163.5237
893,Remya mauiensis,894,13.8285
894,Remya montgomeryi,895,63.045
895,Reynoldsia sandwicensis,896,4730.9751
896,Rhus sandwicensis,897,4206.168
897,Rhynchospora chinensis,898,4837.8555
898,Rhynchospora rugosa,899,3661.7004
899,Rhynchospora sclerioides,900,3975.084
900,Rubus hawaiensis,901,6235.7598
901,Rubus macraei,902,836.6994
902,Rumex albescens,903,978.3351
903,Rumex giganteus,904,9479.7108
904,Rumex skottsbergii,905,2974.0779
905,Ruppia maritima,906,240.786
906,Sadleria cyatheoides,907,10452.6675
907,Sadleria pallida,908,5541.1137
908,Sadleria souleyetiana,909,3110.0013
909,Sadleria squarrosa,910,2865.6576
910,Sadleria unisora,911,282.3237
911,Sadleria wagneriana,912,16.8552
912,Sanicula kauaiensis,913,104.2254
913,Sanicula mariversa,914,5.4207
914,Sanicula purpurea,915,80.1801
915,Sanicula sandwicensis,916,2070.0216
916,Santalum ellipticum,917,4771.7658
917,Santalum freycinetianum,918,3316.8366
918,Santalum haleakalae,919,173.2581
919,Santalum paniculatum,920,7810.1064
920,Sapindus oahuensis,921,1578.5469
921,Sapindus saponaria,922,240.5943
922,Scaevola chamissoniana,923,3920.3514
923,Scaevola coriacea,924,205.1109
924,Scaevola gaudichaudiana,925,1787.8626
925,Scaevola gaudichaudii,926,2562.9543
926,Scaevola glabra,927,848.2815
927,Scaevola kilaueae,928,1462.5684
928,Scaevola mollis,929,1002.9276
929,Scaevola procera,930,527.6934
930,Scaevola sericea,931,752.6754
931,Sceptridium subbifoliatum,932,NA
932,Schiedea apokremnos,933,15.7545
933,Schiedea diffusa,934,835.9497
934,Schiedea globosa,935,349.7085
935,Schiedea haleakalensis,936,111.1608
936,Schiedea helleri,937,34.3107
937,Schiedea hookeri,938,333.0387
938,Schiedea kaalae,939,100.962
939,Schiedea kauaiensis,940,114.1353
940,Schiedea kealiae,941,63.7992
941,Schiedea ligustrina,942,216.3096
942,Schiedea lychnoides,943,104.4036
943,Schiedea lydgatei,944,26.9046
944,Schiedea mannii,945,92.9421
945,Schiedea membranacea,946,348.3783
946,Schiedea menziesii,947,576.6111
947,Schiedea nuttallii,948,60.5295
948,Schiedea obovata,949,25.7661
949,Schiedea pentandra,950,32.0094
950,Schiedea perlmanii,951,42.7284
951,Schiedea pubescens,952,297.0666
952,Schiedea salicaria,953,133.2621
953,Schiedea sarmentosa,954,43.0101
954,Schiedea spergulina,955,620.6544
955,Schiedea stellarioides,956,93.4038
956,Schiedea trinervis,957,6.0633
957,Schiedea viscosa,958,50.6754
958,Schizaea robusta,959,891.333
959,Schoenoplectus juncoides,960,1750.2111
960,Schoenoplectus lacustris,961,1672.1811
961,Scleria testacea,962,591.0147
962,Selaginella arbuscula,963,7437.2445
963,Selaginella deflexa,964,203.733
964,Senna gaudichaudii,965,4881.0816
965,Sesbania tomentosa,966,4250.5596
966,Sesuvium portulacastrum,967,669.627
967,Sicyos alba,968,616.0545
968,Sicyos anunu,969,2171.8845
969,Sicyos cucumerinus,970,2114.5815
970,Sicyos erostratus,971,1223.2872
971,Sicyos herbstii,972,319.176
972,Sicyos hispidus,973,1633.7232
973,Sicyos lancioloidea,974,299.619
974,Sicyos lasiocephalus,975,506.8746
975,Sicyos macrophyllus,976,3246.426
976,Sicyos maximowiczii,977,154.6812
977,Sicyos pachycarpus,978,4774.7988
978,Sicyos waimanaloensis,979,766.7451
979,Sida fallax,980,13562.8335
980,Silene alexandri,981,17.5725
981,Silene hawaiiensis,982,2626.1649
982,Silene lanceolata,983,1111.6341
983,Silene struthioloides,984,764.5347
984,Sisyrinchium acre,985,2567.0808
985,Smilax melastomifolia,986,9310.2732
986,Solanum americanum,987,13789.7811
987,Solanum incompletum,988,2307.9177
988,Solanum nelsonii,989,245.0079
989,Solanum sandwicense,990,414.6174
990,Sophora chrysophylla,991,7947.7137
991,Spermolepis hawaiiensis,992,3589.443
992,Sphaerocionium lanceolatum,993,2833.5483
993,Sphaerocionium obtusum,994,2159.739
994,Sphenomeris chinensis,995,8065.3635
995,Sporobolus virginicus,996,526.5171
996,Stenogyne angustifolia,997,2220.2496
997,Stenogyne bifida,998,84.9753
998,Stenogyne calaminthoides,999,2596.4073
999,Stenogyne calycosa,1000,67.7268
1000,Stenogyne campanulata,1001,38.2509
1001,Stenogyne cranwelliae,1002,59.2803
1002,Stenogyne haliakalae,1003,153.4716
1003,Stenogyne kaalae,1004,44.9064
1004,Stenogyne kamehamehae,1005,363.0924
1005,Stenogyne kanehoana,1006,30.3408
1006,Stenogyne kealiae,1007,211.6701
1007,Stenogyne macrantha,1008,2499.4125
1008,Stenogyne microphylla,1009,2521.0404
1009,Stenogyne purpurea,1010,238.5801
1010,Stenogyne rotundifolia,1011,33.2757
1011,Stenogyne rugosa,1012,4615.5366
1012,Stenogyne scrophularioides,1013,1770.9606
1013,Stenogyne sessilis,1014,3228.8265
1014,Sticherus owhyhensis,1015,1966.6683
1015,Streblus pendulinus,1016,2006.8605
1016,Strongylodon ruber,1017,2099.1114
1017,Syzygium sandwicensis,1018,1612.2465
1018,Tectaria gaudichaudii,1019,5100.795
1019,Tetramolopium arenarium,1020,1202.1795
1020,Tetramolopium capillare,1021,156.1068
1021,Tetramolopium consanguineum,1022,1047.9699
1022,Tetramolopium filiforme,1023,90.225
1023,Tetramolopium humile,1024,3568.2201
1024,Tetramolopium lepidotum,1025,560.3022
1025,Tetramolopium remyi,1026,143.0136
1026,Tetramolopium rockii,1027,199.3293
1027,Tetramolopium sylvae,1028,45.4113
1028,Tetraplasandra flynnii,1029,7.5285
1029,Tetraplasandra gymnocarpa,1030,296.1999
1030,Tetraplasandra hawaiensis,1031,3105.7479
1031,Tetraplasandra kavaiensis,1032,4534.8228
1032,Tetraplasandra oahuensis,1033,10490.0049
1033,Tetraplasandra waialealae,1034,219.2877
1034,Tetraplasandra waimeae,1035,129.0879
1035,Thespesia populnea,1036,697.7358
1036,Touchardia latifolia,1037,5386.9932
1037,Trematolobelia grandifolia,1038,NA
1038,Trematolobelia kauaiensis,1039,179.8983
1039,Trematolobelia macrostachys,1040,462.2859
1040,Trematolobelia singularis,1041,7.1532
1041,Tribulus cistoides,1042,358.4007
1042,Trisetum glomeratum,1043,4119.6834
1043,Trisetum inaequale,1044,25.3269
1044,Uncinia brevicaulis,1045,104.076
1045,Uncinia uncinata,1046,2964.0528
1046,Urera glabra,1047,5570.6193
1047,Urera kaalae,1048,95.6079
1048,Vaccinium calycinum,1049,4305.6774
1049,Vaccinium dentatum,1050,3909.5253
1050,Vaccinium reticulatum,1051,8263.2204
1051,Vandenboschia cyrtotheca,1052,4563.7227
1052,Vandenboschia davallioides,1053,6070.1922
1053,Vandenboschia draytoniana,1054,1666.1898
1054,Vandenboschia tubiflora,1055,211.9932
1055,Vicia menziesii,1056,420.813
1056,Vigna marina,1057,549.9432
1057,Vigna owahuensis,1058,4250.9241
1058,Viola chamissoniana,1059,1291.2129
1059,Viola helenae,1060,40.1409
1060,Viola kauaensis,1061,222.0885
1061,Viola lanaiensis,1062,3.1032
1062,Viola maviensis,1063,499.2327
1063,Viola oahuensis,1064,42.0372
1064,Viola wailenalenae,1065,161.0091
1065,Vitex rotundifolia,1066,288.0765
1066,Waltheria indica,1067,11539.314
1067,Wikstroemia bicornuta,1068,42.5763
1068,Wikstroemia forbesii,1069,50.8005
1069,Wikstroemia furcata,1070,583.8804
1070,Wikstroemia hanalei,1071,80.586
1071,Wikstroemia monticola,1072,280.9287
1072,Wikstroemia oahuensis,1073,4572.7182
1073,Wikstroemia phillyreifolia,1074,4141.6983
1074,Wikstroemia pulcherrima,1075,1736.0964
1075,Wikstroemia sandwicensis,1076,4872.0483
1076,Wikstroemia uva-ursi,1077,1545.4053
1077,Wikstroemia villosa,1078,42.0561
1078,Wilkesia gymnoxiphium,1079,269.5284
1079,Wilkesia hobdyi,1080,542.3895
1080,Xylosma crenatum,1081,35.8614
1081,Xylosma hawaiiense,1082,8396.4222
1082,Zanthoxylum dipetalum,1083,2308.0437
1083,Zanthoxylum hawaiiense,1084,996.9363
1084,Zanthoxylum kauaense,1085,4615.5456
